Date,HomeTeam,FTHG,HTHG,HS,HST,HC,HF,HY,HR,AwayTeam,FTAG,HTAG,AS,AST,AC,AF,AY,AR,FTR,HTR,AvgH,AvgD,AvgA,Max>2.5,Max<2.5,Avg>2.5,Avg<2.5,AvgAHH,AvgAHA,HomePointsBefore,AwayPointsBefore,HomeLeaguePosBefore,AwayLeaguePosBefore,ResultNum
2023-08-18,Werder Bremen,0,0,6,1,0,16,2,0,Bayern Munich,4,1,25,10,6,11,1,0,A,A,8.5,6.09,1.32,1.37,3.55,1.33,3.34,1.84,2.01,0.0,0.0,17.0,2.0,0
2023-08-19,Augsburg,4,3,20,8,8,9,1,0,M'gladbach,4,3,9,6,7,14,2,0,D,D,2.72,3.69,2.47,1.66,2.43,1.61,2.34,2.02,1.84,0.0,0.0,2.0,12.0,1
2023-08-19,Hoffenheim,1,0,24,5,4,9,0,0,Freiburg,2,2,17,8,2,9,1,0,A,A,2.35,3.63,2.94,1.71,2.32,1.66,2.24,2.03,1.82,0.0,0.0,11.0,9.0,0
2023-08-19,Leverkusen,3,2,11,7,4,13,1,0,RB Leipzig,2,1,13,6,5,10,2,0,H,H,2.47,3.62,2.78,1.77,2.28,1.68,2.2,1.82,2.05,0.0,0.0,11.0,13.0,2
2023-08-19,Stuttgart,5,2,19,9,7,5,1,0,Bochum,0,0,4,1,0,12,1,0,H,H,1.69,4.17,4.69,1.71,2.38,1.64,2.29,1.86,1.98,0.0,0.0,13.0,6.0,2
2023-08-19,Wolfsburg,2,2,18,8,1,10,3,0,Heidenheim,0,0,13,1,7,9,0,0,H,H,1.62,4.31,5.19,1.66,2.44,1.61,2.34,2.01,1.84,0.0,0.0,14.0,11.0,2
2023-08-19,Dortmund,1,0,12,2,6,13,1,0,FC Koln,0,0,11,4,3,11,0,0,H,D,1.4,5.21,7.24,1.45,3.0,1.43,2.83,1.82,2.03,0.0,0.0,9.0,11.0,2
2023-08-20,Union Berlin,4,2,12,7,3,15,1,0,Mainz,1,0,9,3,1,16,5,0,H,H,2.01,3.45,3.92,2.16,1.82,2.1,1.75,2.01,1.85,0.0,0.0,12.0,11.0,2
2023-08-20,Ein Frankfurt,1,1,10,4,7,9,2,0,Darmstadt,0,0,11,2,3,14,3,0,H,H,1.39,5.12,7.82,1.71,2.33,1.67,2.23,1.85,2.0,0.0,0.0,11.0,10.0,2
2023-08-25,RB Leipzig,5,0,20,11,4,12,1,0,Stuttgart,1,1,8,3,4,10,1,0,H,A,1.51,4.71,6.09,1.57,2.63,1.54,2.49,1.81,2.06,0.0,3.0,11.0,1.0,2
2023-08-26,M'gladbach,0,0,13,2,5,7,2,0,Leverkusen,3,2,24,10,8,8,3,0,A,A,3.68,4.1,1.91,1.52,2.72,1.49,2.63,1.95,1.9,1.0,3.0,11.0,6.0,0
2023-08-26,Heidenheim,2,1,19,9,10,13,1,0,Hoffenheim,3,0,16,6,6,9,5,0,A,H,2.98,3.73,2.3,1.71,2.34,1.67,2.25,1.86,1.98,0.0,0.0,15.0,12.0,0
2023-08-26,Freiburg,1,0,23,6,5,9,2,0,Werder Bremen,0,0,16,2,5,8,2,0,H,D,1.71,4.06,4.75,1.73,2.31,1.68,2.22,1.89,1.96,3.0,0.0,7.0,17.0,2
2023-08-26,Bochum,1,1,17,6,5,21,2,0,Dortmund,1,0,13,3,4,7,1,0,D,H,6.72,5.29,1.42,1.39,3.3,1.36,3.17,1.81,2.05,0.0,3.0,17.0,8.0,1
2023-08-26,Darmstadt,1,1,18,6,3,15,2,0,Union Berlin,4,3,12,6,5,12,2,1,A,A,3.88,3.44,2.03,2.17,1.82,2.08,1.77,1.84,2.02,0.0,3.0,14.0,6.0,0
2023-08-26,FC Koln,1,0,14,2,6,6,1,0,Wolfsburg,2,0,9,6,1,10,5,0,A,D,2.36,3.56,2.98,1.82,2.2,1.75,2.09,2.02,1.83,0.0,3.0,14.0,7.0,0
2023-08-27,Mainz,1,1,13,7,5,23,3,0,Ein Frankfurt,1,0,8,2,4,12,4,1,D,H,2.43,3.63,2.83,1.78,2.25,1.71,2.17,2.07,1.79,0.0,3.0,16.0,9.0,1
2023-08-27,Bayern Munich,3,2,19,6,10,13,1,0,Augsburg,1,0,11,2,4,8,2,0,H,H,1.08,12.99,24.71,1.21,5.4,1.19,4.78,2.02,1.82,3.0,1.0,7.0,11.0,2
2023-09-01,Dortmund,2,2,20,9,3,9,3,0,Heidenheim,2,0,15,6,6,22,3,0,D,H,1.25,6.82,10.4,1.37,3.6,1.33,3.34,1.85,2.01,4.0,0.0,6.0,16.0,1
2023-09-02,Werder Bremen,4,1,12,6,1,18,2,0,Mainz,0,0,12,3,7,14,2,0,H,H,2.7,3.57,2.55,1.79,2.2,1.74,2.12,1.99,1.87,0.0,1.0,18.0,14.0,2
2023-09-02,M'gladbach,1,1,8,3,1,5,0,0,Bayern Munich,2,0,25,9,15,20,2,0,A,H,8.28,6.34,1.31,1.25,4.42,1.24,4.09,1.92,1.92,1.0,6.0,14.0,2.0,0
2023-09-02,Stuttgart,5,3,13,6,2,9,1,0,Freiburg,0,0,11,5,4,10,1,0,H,H,2.18,3.68,3.2,1.79,2.3,1.72,2.15,1.89,1.96,3.0,6.0,9.0,5.0,2
2023-09-02,Augsburg,2,1,11,3,3,15,2,0,Bochum,2,1,22,9,5,13,2,0,D,D,2.03,3.7,3.56,1.8,2.2,1.73,2.14,2.02,1.83,1.0,1.0,12.0,15.0,1
2023-09-02,Hoffenheim,3,1,11,5,3,12,2,0,Wolfsburg,1,1,14,7,3,15,2,0,H,D,2.47,3.77,2.67,1.57,2.57,1.53,2.51,1.86,2.0,3.0,6.0,10.0,5.0,2
2023-09-02,Leverkusen,5,1,24,13,4,8,3,0,Darmstadt,1,1,5,1,2,11,2,0,H,D,1.2,7.3,13.64,1.44,3.02,1.41,2.9,1.91,1.93,6.0,0.0,4.0,18.0,2
2023-09-03,Ein Frankfurt,1,0,12,4,8,10,1,0,FC Koln,1,1,6,2,1,10,3,0,D,A,2.13,3.49,3.49,1.99,1.95,1.94,1.89,1.82,2.02,4.0,0.0,9.0,17.0,1
2023-09-03,Union Berlin,0,0,4,1,3,16,3,1,RB Leipzig,3,0,15,8,7,9,1,0,A,D,3.22,3.45,2.26,1.99,1.97,1.94,1.89,1.9,1.93,6.0,3.0,4.0,10.0,0
2023-09-15,Bayern Munich,2,1,15,9,7,6,0,0,Leverkusen,2,1,12,5,4,6,3,0,D,D,1.62,4.66,4.76,1.41,3.2,1.37,3.09,2.0,1.86,9.0,9.0,2.0,1.0,1
2023-09-16,Bochum,1,0,24,10,8,13,3,0,Ein Frankfurt,1,0,8,6,2,14,2,0,D,D,2.93,3.63,2.35,1.79,2.25,1.72,2.15,1.82,2.02,2.0,5.0,13.0,10.0,1
2023-09-16,Wolfsburg,2,2,8,3,3,6,1,0,Union Berlin,1,1,17,5,7,8,0,0,H,H,2.26,3.47,3.22,1.99,1.95,1.94,1.9,1.93,1.91,6.0,6.0,7.0,5.0,2
2023-09-16,RB Leipzig,3,3,9,6,1,16,0,0,Augsburg,0,0,16,4,6,12,0,0,H,H,1.23,6.98,11.49,1.4,3.22,1.37,3.1,2.03,1.82,6.0,2.0,5.0,13.0,2
2023-09-16,Freiburg,2,2,14,4,6,12,2,1,Dortmund,4,1,14,6,8,16,3,0,A,H,3.16,3.84,2.15,1.53,2.7,1.51,2.58,1.97,1.86,6.0,5.0,9.0,10.0,0
2023-09-16,FC Koln,1,0,17,7,13,15,4,1,Hoffenheim,3,2,17,5,4,14,4,0,A,A,2.22,3.78,3.05,1.66,2.45,1.61,2.35,1.93,1.91,1.0,6.0,14.0,8.0,0
2023-09-16,Mainz,1,0,15,3,6,12,1,0,Stuttgart,3,0,16,6,4,9,2,0,A,D,2.55,3.65,2.66,1.76,2.3,1.69,2.2,1.9,1.96,1.0,6.0,17.0,7.0,0
2023-09-17,Heidenheim,4,2,19,4,10,21,1,0,Werder Bremen,2,0,11,4,1,9,1,0,H,H,2.35,3.79,2.83,1.69,2.36,1.64,2.29,2.03,1.82,1.0,3.0,14.0,11.0,2
2023-09-17,Darmstadt,3,3,15,8,6,12,1,1,M'gladbach,3,0,21,10,6,8,1,0,D,H,2.96,3.61,2.34,1.85,2.11,1.78,2.06,1.83,2.0,0.0,1.0,18.0,15.0,1
2023-09-22,Stuttgart,3,2,18,11,5,7,1,0,Darmstadt,1,1,3,0,4,12,6,0,H,H,1.38,5.14,7.89,1.6,2.7,1.56,2.47,2.04,1.81,9.0,1.0,4.0,17.0,2
2023-09-23,Union Berlin,0,0,22,6,11,11,1,0,Hoffenheim,2,2,11,4,6,13,3,0,A,A,2.12,3.67,3.36,1.83,2.12,1.79,2.05,1.83,2.01,6.0,9.0,8.0,5.0,0
2023-09-23,Werder Bremen,2,1,17,6,9,18,2,0,FC Koln,1,1,13,5,8,16,1,0,H,D,2.54,3.62,2.68,1.74,2.25,1.71,2.17,1.87,1.99,3.0,1.0,12.0,16.0,2
2023-09-23,M'gladbach,0,0,13,1,11,14,1,0,RB Leipzig,1,0,8,4,6,7,1,0,A,D,5.07,4.69,1.58,1.42,3.12,1.4,2.96,1.93,1.92,2.0,9.0,14.0,5.0,0
2023-09-23,Augsburg,2,2,6,3,3,16,2,1,Mainz,1,1,13,3,4,14,3,0,H,H,2.59,3.63,2.62,1.72,2.31,1.68,2.22,1.91,1.95,2.0,1.0,15.0,17.0,2
2023-09-23,Bayern Munich,7,4,26,16,8,8,0,0,Bochum,0,0,4,1,1,10,1,0,H,H,1.1,11.34,20.92,1.23,4.8,1.21,4.41,1.98,1.86,10.0,3.0,5.0,14.0,2
2023-09-23,Dortmund,1,0,18,4,5,9,0,0,Wolfsburg,0,0,8,2,3,14,1,0,H,D,1.69,4.39,4.46,1.46,3.05,1.43,2.86,1.84,1.99,8.0,9.0,7.0,6.0,2
2023-09-24,Leverkusen,4,1,20,10,7,9,1,0,Heidenheim,1,0,1,1,2,10,1,0,H,H,1.23,6.98,11.42,1.36,3.45,1.34,3.3,1.99,1.86,10.0,4.0,6.0,13.0,2
2023-09-24,Ein Frankfurt,0,0,13,5,7,12,4,0,Freiburg,0,0,9,2,3,5,2,0,D,D,2.09,3.63,3.44,1.88,2.1,1.83,2.0,1.8,2.04,6.0,6.0,8.0,11.0,1
2023-09-29,Hoffenheim,1,1,15,5,4,14,3,0,Dortmund,3,2,6,5,3,16,4,1,A,A,3.11,4.13,2.11,1.41,3.17,1.38,3.04,2.0,1.84,12.0,11.0,5.0,6.0,0
2023-09-30,Bochum,1,0,23,5,5,12,2,0,M'gladbach,3,3,25,9,10,12,3,0,A,A,2.33,3.79,2.88,1.62,2.55,1.56,2.44,2.01,1.83,3.0,2.0,14.0,15.0,0
2023-09-30,FC Koln,0,0,14,5,8,16,2,0,Stuttgart,2,0,18,4,4,8,1,0,A,D,2.85,3.65,2.42,1.74,2.28,1.69,2.2,1.78,2.06,1.0,12.0,16.0,4.0,0
2023-09-30,Heidenheim,1,0,9,4,5,11,1,0,Union Berlin,0,0,19,8,7,14,2,0,H,D,3.07,3.65,2.27,1.84,2.14,1.78,2.07,1.88,1.95,4.0,6.0,14.0,10.0,2
2023-09-30,Mainz,0,0,10,3,3,13,4,0,Leverkusen,3,1,6,3,1,11,1,0,A,A,5.65,4.64,1.54,1.58,2.57,1.54,2.48,2.0,1.85,1.0,13.0,18.0,4.0,0
2023-09-30,Wolfsburg,2,1,19,7,7,11,1,0,Ein Frankfurt,0,0,7,3,4,18,6,1,H,H,2.11,3.55,3.51,2.0,1.98,1.92,1.91,1.81,2.04,9.0,7.0,7.0,8.0,2
2023-09-30,RB Leipzig,2,2,7,2,5,10,2,0,Bayern Munich,2,0,11,5,1,11,5,0,D,H,3.56,4.21,1.93,1.43,3.1,1.4,2.96,1.94,1.91,12.0,13.0,5.0,4.0,1
2023-10-01,Darmstadt,4,2,14,5,2,19,3,0,Werder Bremen,2,0,10,7,4,19,2,0,H,H,2.8,3.7,2.42,1.73,2.34,1.68,2.22,1.77,2.07,1.0,6.0,17.0,12.0,2
2023-10-01,Freiburg,2,1,7,3,2,13,2,0,Augsburg,0,0,13,4,3,17,2,0,H,H,1.72,4.13,4.59,1.71,2.36,1.65,2.26,1.9,1.94,7.0,5.0,10.0,14.0,2
2023-10-06,M'gladbach,2,1,20,9,10,9,3,0,Mainz,2,1,13,7,3,9,1,0,D,D,2.06,3.87,3.42,1.63,2.5,1.58,2.42,2.04,1.82,5.0,1.0,13.0,18.0,1
2023-10-07,Werder Bremen,2,1,13,3,4,15,5,0,Hoffenheim,3,2,11,4,4,6,4,0,A,A,2.75,3.9,2.38,1.49,2.82,1.46,2.71,1.78,2.06,6.0,12.0,13.0,6.0,0
2023-10-07,Stuttgart,3,0,13,7,5,13,1,0,Wolfsburg,1,1,12,5,6,14,3,0,H,A,2.0,3.76,3.64,1.74,2.28,1.67,2.23,1.98,1.87,15.0,12.0,2.0,7.0,2
2023-10-07,RB Leipzig,0,0,18,5,9,10,2,0,Bochum,0,0,9,2,1,13,4,0,D,D,1.24,6.81,11.15,1.39,3.45,1.35,3.21,2.04,1.8,13.0,3.0,6.0,16.0,1
2023-10-07,Augsburg,1,0,17,3,4,13,4,0,Darmstadt,2,0,17,5,4,12,2,0,A,D,1.9,3.87,3.95,1.75,2.27,1.69,2.21,1.88,1.97,5.0,4.0,14.0,15.0,0
2023-10-07,Dortmund,4,1,12,7,4,7,1,0,Union Berlin,2,2,12,6,6,15,1,0,H,A,1.61,4.38,5.31,1.71,2.4,1.63,2.31,1.99,1.87,14.0,6.0,6.0,12.0,2
2023-10-08,Leverkusen,3,2,21,10,11,9,3,0,FC Koln,0,0,7,3,4,7,0,0,H,H,1.34,5.58,8.69,1.52,2.75,1.48,2.65,1.92,1.93,16.0,1.0,3.0,18.0,2
2023-10-08,Bayern Munich,3,2,21,5,7,7,1,0,Freiburg,0,0,2,0,1,8,0,0,H,H,1.16,8.73,15.05,1.32,3.9,1.28,3.69,1.91,1.92,14.0,10.0,5.0,8.0,2
2023-10-08,Ein Frankfurt,2,1,12,6,3,14,2,0,Heidenheim,0,0,7,2,6,10,3,0,H,H,1.73,4.07,4.63,1.77,2.24,1.7,2.17,1.9,1.93,7.0,7.0,9.0,10.0,2
2023-10-20,Dortmund,1,0,22,5,10,5,1,0,Werder Bremen,0,0,6,1,4,10,5,0,H,D,1.3,6.52,8.74,1.3,4.0,1.27,3.76,1.91,1.92,17.0,6.0,4.0,14.0,2
2023-10-21,Mainz,1,1,14,3,2,12,3,0,Bayern Munich,3,2,12,5,7,10,2,0,A,A,9.77,6.53,1.28,1.33,3.85,1.29,3.58,1.96,1.87,2.0,17.0,17.0,4.0,0
2023-10-21,Wolfsburg,1,1,18,7,4,15,3,0,Leverkusen,2,1,13,6,3,14,5,0,A,D,4.47,4.12,1.75,1.57,2.57,1.55,2.48,1.91,1.91,12.0,19.0,7.0,3.0,0
2023-10-21,Union Berlin,0,0,10,2,4,12,2,0,Stuttgart,3,1,10,5,2,12,1,0,A,A,2.54,3.54,2.75,1.86,2.1,1.8,2.04,1.85,2.0,6.0,18.0,13.0,4.0,0
2023-10-21,Hoffenheim,1,1,14,5,6,7,3,0,Ein Frankfurt,3,3,13,5,3,7,0,0,A,A,2.12,3.67,3.37,1.76,2.3,1.69,2.21,1.82,2.02,15.0,10.0,5.0,8.0,0
2023-10-21,Darmstadt,1,1,16,3,6,16,6,0,RB Leipzig,3,2,10,7,0,12,3,0,A,A,6.54,4.92,1.46,1.56,2.63,1.51,2.54,1.88,1.95,7.0,14.0,11.0,6.0,0
2023-10-21,Freiburg,2,2,15,5,5,11,3,0,Bochum,1,1,13,5,2,16,4,0,H,H,1.73,3.98,4.69,1.77,2.23,1.71,2.16,1.92,1.92,10.0,4.0,9.0,16.0,2
2023-10-22,FC Koln,3,1,21,8,8,13,0,0,M'gladbach,1,0,5,2,3,10,2,1,H,H,2.38,3.72,2.86,1.65,2.48,1.59,2.39,2.03,1.8,1.0,6.0,18.0,12.0,2
2023-10-22,Heidenheim,2,2,16,5,6,11,3,0,Augsburg,5,3,9,6,5,11,2,0,A,A,2.4,3.62,2.87,1.77,2.23,1.71,2.17,2.06,1.79,7.0,5.0,10.0,15.0,0
2023-10-27,Bochum,2,1,10,4,5,14,3,0,Mainz,2,0,10,4,4,21,3,0,D,H,2.72,3.54,2.56,1.8,2.18,1.75,2.11,2.01,1.87,4.0,2.0,17.0,18.0,1
2023-10-28,RB Leipzig,6,4,24,13,11,8,2,0,FC Koln,0,0,6,1,1,13,4,1,H,H,1.44,4.97,7.1,1.62,2.5,1.57,2.42,1.92,1.92,17.0,4.0,5.0,17.0,2
2023-10-28,Stuttgart,2,0,23,10,6,13,2,0,Hoffenheim,3,2,7,5,0,11,1,0,A,A,1.86,4.14,3.82,1.52,2.75,1.49,2.63,1.85,2.01,21.0,15.0,2.0,6.0,0
2023-10-28,Werder Bremen,2,1,9,3,3,12,1,0,Union Berlin,0,0,7,2,3,14,4,1,H,H,2.68,3.54,2.61,1.87,2.09,1.81,2.03,1.96,1.9,6.0,6.0,14.0,15.0,2
2023-10-28,Bayern Munich,8,0,28,16,7,15,1,1,Darmstadt,0,0,10,4,1,13,2,2,H,D,1.07,14.36,28.45,1.19,5.5,1.17,4.98,1.9,1.94,20.0,7.0,3.0,13.0,2
2023-10-28,M'gladbach,2,1,11,6,6,5,0,0,Heidenheim,1,1,8,3,4,18,3,0,H,D,1.8,4.17,4.09,1.51,2.79,1.48,2.66,1.98,1.87,6.0,7.0,14.0,12.0,2
2023-10-28,Augsburg,3,1,9,5,5,19,6,1,Wolfsburg,2,2,13,6,5,14,4,0,H,A,2.87,3.63,2.4,1.79,2.23,1.71,2.16,1.8,2.04,8.0,12.0,12.0,9.0,2
2023-10-29,Ein Frankfurt,3,2,11,7,0,11,3,0,Dortmund,3,1,14,4,4,10,2,0,D,H,3.24,3.69,2.17,1.7,2.4,1.65,2.26,1.96,1.86,13.0,20.0,7.0,5.0,1
2023-10-29,Leverkusen,2,1,19,4,11,9,0,0,Freiburg,1,0,10,4,4,10,2,0,H,H,1.29,6.01,10.41,1.51,2.75,1.48,2.65,1.8,2.07,22.0,13.0,2.0,8.0,2
2023-11-03,Darmstadt,1,1,15,4,11,7,2,1,Bochum,2,1,9,4,2,16,5,0,A,D,2.38,3.62,2.91,1.74,2.36,1.67,2.24,2.03,1.8,7.0,5.0,14.0,16.0,0
2023-11-04,Dortmund,0,0,15,1,3,14,3,0,Bayern Munich,4,2,14,8,2,6,2,0,A,A,3.81,4.39,1.82,1.37,3.5,1.34,3.32,2.04,1.82,21.0,23.0,4.0,2.0,0
2023-11-04,Union Berlin,0,0,10,3,9,13,0,0,Ein Frankfurt,3,2,4,3,1,8,1,0,A,A,2.56,3.25,2.92,2.13,1.85,2.04,1.8,1.81,2.06,6.0,14.0,16.0,7.0,0
2023-11-04,Mainz,2,0,10,3,2,13,3,0,RB Leipzig,0,0,10,2,7,9,1,0,H,D,5.23,4.44,1.6,1.63,2.44,1.59,2.38,1.88,1.98,3.0,20.0,18.0,5.0,2
2023-11-04,Hoffenheim,2,0,12,7,4,6,3,0,Leverkusen,3,2,10,4,3,10,2,0,A,A,4.85,4.82,1.59,1.34,3.5,1.32,3.35,1.93,1.92,18.0,25.0,6.0,2.0,0
2023-11-04,Freiburg,3,1,15,8,8,7,2,0,M'gladbach,3,3,10,5,2,10,2,0,D,A,2.1,3.85,3.28,1.64,2.5,1.59,2.38,1.82,2.02,13.0,9.0,8.0,11.0,1
2023-11-04,FC Koln,1,1,28,12,10,10,1,0,Augsburg,1,1,18,3,2,10,4,0,D,D,2.35,3.72,2.89,1.67,2.41,1.63,2.33,2.01,1.83,4.0,11.0,18.0,10.0,1
2023-11-05,Wolfsburg,2,1,15,5,5,14,4,1,Werder Bremen,2,1,13,4,2,17,1,0,D,D,1.73,4.3,4.32,1.49,2.85,1.45,2.72,1.9,1.94,12.0,9.0,9.0,12.0,1
2023-11-05,Heidenheim,2,0,19,2,9,7,2,0,Stuttgart,0,0,14,2,6,13,2,0,H,D,4.6,4.38,1.68,1.51,2.72,1.48,2.65,2.01,1.83,7.0,21.0,14.0,3.0,2
2023-11-10,M'gladbach,4,2,16,8,8,7,1,0,Wolfsburg,0,0,12,4,5,12,3,0,H,H,2.38,3.76,2.82,1.57,2.65,1.53,2.54,2.05,1.8,10.0,13.0,11.0,9.0,2
2023-11-11,Bochum,1,1,25,9,3,14,4,0,FC Koln,1,0,10,6,3,19,1,0,D,H,2.45,3.62,2.82,1.73,2.28,1.69,2.2,2.09,1.76,8.0,5.0,14.0,18.0,1
2023-11-11,Darmstadt,0,0,9,3,0,20,3,0,Mainz,0,0,9,0,5,15,3,0,D,D,2.99,3.67,2.31,1.71,2.31,1.66,2.22,1.86,1.98,7.0,6.0,15.0,17.0,1
2023-11-11,Stuttgart,2,1,22,10,6,13,2,0,Dortmund,1,1,5,1,1,16,3,0,H,D,2.59,3.79,2.56,1.5,2.8,1.47,2.7,1.95,1.92,21.0,21.0,3.0,4.0,2
2023-11-11,Augsburg,1,0,11,6,3,9,1,0,Hoffenheim,1,1,12,6,5,11,2,0,D,A,2.6,3.8,2.53,1.5,2.82,1.47,2.69,1.96,1.9,12.0,18.0,11.0,6.0,1
2023-11-11,Bayern Munich,4,2,18,8,7,8,1,0,Heidenheim,2,0,7,2,2,8,0,0,H,H,1.06,15.98,30.37,1.18,5.5,1.16,5.07,1.84,2.02,26.0,10.0,2.0,13.0,2
2023-11-12,Leverkusen,4,1,19,10,10,8,0,0,Union Berlin,0,0,2,2,1,5,1,0,H,H,1.28,6.03,10.54,1.62,2.46,1.57,2.41,2.01,1.82,28.0,6.0,2.0,17.0,2
2023-11-12,Werder Bremen,2,1,14,5,3,3,1,0,Ein Frankfurt,2,0,14,3,7,10,3,0,D,H,3.0,3.58,2.34,1.75,2.23,1.72,2.15,1.84,2.0,10.0,17.0,12.0,7.0,1
2023-11-12,RB Leipzig,3,1,15,6,7,10,2,0,Freiburg,1,1,9,3,3,12,0,0,H,D,1.45,4.88,6.67,1.58,2.55,1.56,2.45,1.94,1.88,20.0,14.0,5.0,8.0,2
2023-11-24,FC Koln,0,0,6,2,3,6,0,0,Bayern Munich,1,1,19,5,12,4,1,0,A,A,10.51,6.77,1.26,1.36,3.56,1.33,3.32,2.01,1.84,6.0,29.0,17.0,2.0,0
2023-11-25,Werder Bremen,0,0,2,1,1,15,3,0,Leverkusen,3,2,13,4,6,4,1,0,A,A,6.24,5.13,1.46,1.42,3.25,1.38,3.04,1.93,1.91,11.0,31.0,12.0,2.0,0
2023-11-25,Dortmund,4,3,20,13,5,11,1,0,M'gladbach,2,2,10,3,4,11,2,0,H,H,1.48,5.23,5.77,1.34,3.52,1.31,3.4,1.94,1.9,21.0,13.0,5.0,9.0,2
2023-11-25,Freiburg,1,1,16,3,11,15,2,0,Darmstadt,1,1,7,1,2,15,0,0,D,D,1.58,4.37,5.6,1.72,2.33,1.66,2.27,1.94,1.91,14.0,8.0,8.0,15.0,1
2023-11-25,Union Berlin,1,0,16,6,3,10,2,0,Augsburg,1,1,11,2,4,15,2,0,D,A,2.01,3.63,3.76,1.99,1.95,1.93,1.9,2.0,1.86,6.0,13.0,17.0,10.0,1
2023-11-25,Wolfsburg,2,1,10,4,1,18,4,0,RB Leipzig,1,0,26,10,12,11,2,0,H,H,3.77,3.94,1.92,1.64,2.45,1.6,2.36,1.94,1.92,13.0,23.0,11.0,5.0,2
2023-11-25,Ein Frankfurt,1,1,14,1,4,14,0,0,Stuttgart,2,2,11,5,2,8,1,0,A,A,2.62,3.67,2.6,1.74,2.32,1.7,2.19,1.94,1.92,18.0,24.0,7.0,3.0,0
2023-11-26,Heidenheim,0,0,9,3,6,14,4,0,Bochum,0,0,9,2,5,7,3,0,D,D,2.22,3.76,3.07,1.71,2.38,1.63,2.31,1.92,1.92,10.0,9.0,13.0,14.0,1
2023-11-26,Hoffenheim,1,0,15,6,4,9,4,0,Mainz,1,1,15,6,5,14,4,0,D,A,1.85,4.04,3.94,1.65,2.46,1.6,2.39,1.84,2.03,19.0,7.0,6.0,16.0,1
2023-12-01,Darmstadt,0,0,11,1,1,12,1,0,FC Koln,1,0,11,6,6,12,3,0,A,D,2.68,3.51,2.63,1.85,2.14,1.79,2.06,1.94,1.92,9.0,6.0,15.0,18.0,0
2023-12-02,RB Leipzig,2,2,23,8,5,13,2,0,Heidenheim,1,1,7,1,3,16,2,0,H,H,1.24,7.01,10.83,1.43,3.2,1.38,3.04,1.83,2.02,23.0,11.0,5.0,13.0,2
2023-12-02,Stuttgart,2,1,17,6,6,7,1,0,Werder Bremen,0,0,11,3,7,9,0,0,H,H,1.41,5.18,7.35,1.53,2.75,1.49,2.62,1.84,2.01,27.0,11.0,3.0,12.0,2
2023-12-02,Bochum,3,2,19,9,6,14,6,0,Wolfsburg,1,1,15,6,6,13,2,0,H,H,2.66,3.65,2.58,1.71,2.34,1.66,2.26,1.96,1.91,10.0,16.0,14.0,8.0,2
2023-12-02,M'gladbach,2,0,9,3,6,12,2,0,Hoffenheim,1,0,17,5,3,14,2,0,H,D,2.25,4.07,2.85,1.39,3.3,1.36,3.11,1.96,1.88,13.0,20.0,11.0,6.0,2
2023-12-03,Leverkusen,1,0,22,6,16,12,3,0,Dortmund,1,1,6,2,1,12,2,0,D,A,1.67,4.5,4.57,1.4,3.22,1.38,3.07,1.81,2.04,34.0,24.0,1.0,5.0,1
2023-12-03,Augsburg,2,1,9,4,2,9,1,0,Ein Frankfurt,1,0,12,6,4,10,1,0,H,H,2.68,3.58,2.59,1.84,2.16,1.78,2.06,1.96,1.89,14.0,18.0,11.0,7.0,2
2023-12-03,Mainz,0,0,19,6,14,16,1,0,Freiburg,1,0,13,5,3,11,1,0,A,D,2.29,3.53,3.12,1.99,1.97,1.91,1.92,1.97,1.87,8.0,15.0,17.0,11.0,0
2023-12-08,Hoffenheim,3,2,18,7,4,18,3,0,Bochum,1,0,22,5,5,11,2,0,H,H,1.72,4.25,4.44,1.55,2.79,1.48,2.67,1.9,1.95,20.0,13.0,6.0,12.0,2
2023-12-09,Ein Frankfurt,5,3,14,6,1,8,1,0,Bayern Munich,1,1,17,6,9,7,2,0,H,H,8.81,5.82,1.32,1.47,3.0,1.42,2.85,2.01,1.85,18.0,32.0,7.0,2.0,2
2023-12-09,Heidenheim,3,1,16,7,8,17,2,0,Darmstadt,2,0,20,7,3,13,2,0,H,H,2.08,3.66,3.48,1.84,2.14,1.77,2.07,1.79,2.06,11.0,9.0,14.0,16.0,2
2023-12-09,Union Berlin,3,1,16,6,6,9,1,0,M'gladbach,1,0,13,4,7,8,3,0,H,H,2.15,3.66,3.29,1.8,2.19,1.74,2.13,1.85,1.99,7.0,16.0,18.0,10.0,2
2023-12-09,Werder Bremen,2,1,12,5,5,13,1,0,Augsburg,0,0,11,1,2,9,2,0,H,H,2.42,3.71,2.77,1.67,2.42,1.61,2.35,2.09,1.77,11.0,17.0,14.0,9.0,2
2023-12-09,Wolfsburg,0,0,10,3,5,11,1,0,Freiburg,1,0,4,1,3,16,4,0,A,D,2.27,3.68,3.03,1.75,2.28,1.7,2.18,1.96,1.88,16.0,18.0,11.0,8.0,0
2023-12-09,Dortmund,2,1,18,6,6,6,1,1,RB Leipzig,3,1,24,8,6,11,3,0,A,D,2.55,3.89,2.54,1.47,2.95,1.43,2.81,1.94,1.92,25.0,26.0,5.0,4.0,0
2023-12-10,FC Koln,0,0,7,3,1,10,2,0,Mainz,0,0,13,5,7,10,4,0,D,D,2.39,3.49,2.97,1.98,2.02,1.89,1.94,2.04,1.8,9.0,8.0,16.0,18.0,1
2023-12-10,Stuttgart,1,1,22,12,8,8,1,0,Leverkusen,1,0,20,6,8,7,1,0,D,H,2.88,3.78,2.32,1.57,2.59,1.53,2.49,1.83,2.01,30.0,35.0,3.0,1.0,1
2023-12-15,M'gladbach,2,1,15,4,4,10,4,0,Werder Bremen,2,1,10,5,3,12,2,0,D,D,2.0,3.96,3.48,1.56,2.65,1.52,2.54,1.99,1.87,16.0,14.0,10.0,12.0,1
2023-12-16,Augsburg,1,1,20,4,4,13,2,0,Dortmund,1,1,24,6,7,4,1,0,D,D,3.5,4.2,1.93,1.46,3.0,1.43,2.82,1.94,1.93,17.0,25.0,10.0,5.0,1
2023-12-16,Bochum,3,1,21,7,6,12,2,0,Union Berlin,0,0,10,2,4,13,2,0,H,H,2.68,3.46,2.64,2.0,1.97,1.93,1.9,1.94,1.93,13.0,10.0,14.0,15.0,2
2023-12-16,Darmstadt,0,0,14,4,7,16,2,0,Wolfsburg,1,0,11,3,7,10,0,1,A,D,3.21,3.62,2.21,1.81,2.2,1.75,2.11,1.94,1.89,9.0,16.0,18.0,11.0,0
2023-12-16,Mainz,0,0,16,4,8,9,3,0,Heidenheim,1,1,5,2,1,20,3,0,A,A,1.68,4.22,4.77,1.71,2.34,1.66,2.27,1.84,2.01,9.0,14.0,17.0,14.0,0
2023-12-16,RB Leipzig,3,1,23,11,9,11,3,0,Hoffenheim,1,1,10,4,2,9,2,0,H,D,1.45,5.21,6.14,1.4,3.22,1.37,3.1,1.91,1.94,29.0,23.0,4.0,6.0,2
2023-12-17,Freiburg,2,0,23,7,5,13,1,0,FC Koln,0,0,7,1,2,10,4,1,H,D,1.83,3.77,4.36,1.93,2.06,1.87,1.96,1.82,2.04,21.0,10.0,8.0,15.0,2
2023-12-17,Leverkusen,3,1,14,6,5,4,1,0,Ein Frankfurt,0,0,4,2,5,13,1,0,H,H,1.35,5.48,8.06,1.51,2.8,1.47,2.69,1.95,1.91,36.0,21.0,1.0,8.0,2
2023-12-17,Bayern Munich,3,1,17,8,6,7,0,0,Stuttgart,0,0,5,2,2,8,3,0,H,H,1.46,5.29,6.01,1.38,3.33,1.35,3.18,1.92,1.92,32.0,31.0,2.0,4.0,2
2023-12-19,Hoffenheim,3,2,13,4,8,9,2,0,Darmstadt,3,1,14,3,3,15,4,0,D,H,1.45,4.97,6.55,1.51,2.75,1.48,2.65,1.92,1.92,23.0,9.0,7.0,18.0,1
2023-12-19,Werder Bremen,1,0,11,3,1,15,4,0,RB Leipzig,1,0,18,9,4,9,2,0,D,D,5.06,4.62,1.6,1.5,2.88,1.45,2.76,1.91,1.94,15.0,32.0,14.0,3.0,1
2023-12-19,Dortmund,1,1,21,8,6,11,0,0,Mainz,1,1,11,6,1,14,4,0,D,D,1.54,4.84,5.46,1.5,2.88,1.46,2.74,1.85,2.01,26.0,9.0,5.0,18.0,1
2023-12-20,Union Berlin,2,0,12,8,4,10,0,0,FC Koln,0,0,15,7,5,7,0,0,H,D,1.95,3.58,4.02,2.07,1.88,2.0,1.84,1.93,1.92,10.0,10.0,16.0,17.0,2
2023-12-20,Ein Frankfurt,2,0,15,7,8,11,1,0,M'gladbach,1,1,7,2,2,14,6,1,H,A,1.87,3.97,3.91,1.67,2.4,1.61,2.34,1.85,2.0,21.0,17.0,8.0,11.0,2
2023-12-20,Heidenheim,3,0,14,3,7,20,3,0,Freiburg,2,1,10,4,4,12,4,0,H,A,2.85,3.59,2.43,1.81,2.2,1.74,2.12,1.78,2.06,17.0,24.0,12.0,8.0,2
2023-12-20,Leverkusen,4,3,15,8,4,7,0,0,Bochum,0,0,6,1,3,12,2,0,H,H,1.19,7.95,13.9,1.41,3.25,1.37,3.11,1.85,2.0,39.0,16.0,1.0,14.0,2
2023-12-20,Stuttgart,3,2,17,7,4,8,0,0,Augsburg,0,0,6,5,4,14,4,0,H,H,1.37,5.34,7.83,1.5,2.79,1.48,2.67,2.01,1.85,31.0,18.0,4.0,11.0,2
2023-12-20,Wolfsburg,1,1,5,4,0,14,4,0,Bayern Munich,2,2,20,7,6,12,2,0,A,A,7.57,5.63,1.36,1.43,3.15,1.39,3.01,1.9,1.96,19.0,35.0,10.0,2.0,0
2024-01-12,Bayern Munich,3,1,27,12,11,8,1,0,Hoffenheim,0,0,12,4,2,6,3,1,H,H,1.15,9.39,15.67,1.24,4.75,1.21,4.38,2.01,1.86,38.0,24.0,2.0,7.0,2
2024-01-13,Augsburg,0,0,2,0,0,11,3,0,Leverkusen,1,0,25,6,12,4,1,0,A,D,5.67,4.63,1.54,1.59,2.63,1.54,2.49,1.99,1.86,18.0,42.0,11.0,1.0,0
2024-01-13,FC Koln,1,1,13,6,9,12,2,0,Heidenheim,1,0,10,2,6,11,1,0,D,H,2.08,3.71,3.45,1.8,2.21,1.73,2.14,1.8,2.06,10.0,20.0,17.0,9.0,1
2024-01-13,Freiburg,0,0,14,4,4,7,0,0,Union Berlin,0,0,8,4,3,9,2,0,D,D,2.09,3.58,3.52,2.04,1.9,1.98,1.85,1.8,2.05,24.0,13.0,8.0,15.0,1
2024-01-13,Mainz,1,0,12,4,7,21,3,0,Wolfsburg,1,1,9,4,3,16,4,0,D,A,2.22,3.49,3.3,1.98,2.0,1.91,1.92,1.89,1.94,10.0,19.0,17.0,10.0,1
2024-01-13,RB Leipzig,0,0,26,7,15,7,0,0,Ein Frankfurt,1,1,5,1,4,16,2,0,A,A,1.44,4.98,6.88,1.54,2.7,1.51,2.59,1.9,1.93,33.0,24.0,4.0,7.0,0
2024-01-13,Darmstadt,0,0,10,2,3,10,1,0,Dortmund,3,1,17,8,4,13,3,0,A,A,5.44,4.74,1.54,1.51,2.9,1.45,2.75,2.0,1.85,10.0,27.0,18.0,6.0,0
2024-01-14,Bochum,1,0,13,4,3,14,6,0,Werder Bremen,1,0,15,4,4,14,5,0,D,D,2.19,3.72,3.15,1.71,2.36,1.64,2.28,1.9,1.94,16.0,16.0,14.0,13.0,1
2024-01-14,M'gladbach,3,2,8,4,0,7,3,0,Stuttgart,1,0,14,2,3,11,3,0,H,H,3.6,4.05,1.93,1.54,2.66,1.51,2.58,1.93,1.93,17.0,34.0,12.0,3.0,2
2024-01-20,Heidenheim,1,1,12,3,4,11,0,0,Wolfsburg,1,1,12,3,2,10,1,0,D,D,2.71,3.55,2.56,1.84,2.15,1.77,2.09,2.0,1.87,21.0,20.0,9.0,11.0,1
2024-01-20,RB Leipzig,2,1,11,6,1,11,2,0,Leverkusen,3,0,18,5,9,11,3,0,A,H,2.44,3.75,2.74,1.65,2.45,1.6,2.38,1.82,2.05,33.0,45.0,4.0,1.0,0
2024-01-20,Freiburg,3,1,16,8,2,18,3,1,Hoffenheim,2,0,16,4,2,10,3,0,H,H,2.05,3.84,3.42,1.7,2.34,1.64,2.29,2.04,1.83,25.0,24.0,7.0,8.0,2
2024-01-20,Bochum,1,0,6,1,1,16,5,0,Stuttgart,0,0,17,4,7,16,3,0,H,D,3.65,3.87,1.97,1.71,2.32,1.67,2.24,1.89,1.96,17.0,34.0,14.0,3.0,2
2024-01-20,Darmstadt,2,0,13,3,4,11,1,0,Ein Frankfurt,2,1,7,4,1,7,1,0,D,A,3.82,3.7,1.96,1.91,2.07,1.84,2.0,1.89,1.96,10.0,27.0,18.0,7.0,1
2024-01-20,FC Koln,0,0,16,5,13,16,2,0,Dortmund,4,1,11,7,4,7,2,0,A,A,4.32,4.22,1.75,1.58,2.55,1.54,2.49,1.91,1.91,11.0,30.0,17.0,5.0,0
2024-01-21,Bayern Munich,0,0,21,6,10,12,2,0,Werder Bremen,1,0,8,3,2,7,1,0,A,D,1.09,11.9,24.26,1.24,4.8,1.21,4.34,1.88,1.94,41.0,17.0,2.0,14.0,0
2024-01-21,M'gladbach,1,1,18,4,5,10,1,0,Augsburg,2,0,15,7,7,20,2,0,A,H,1.92,3.97,3.67,1.57,2.55,1.54,2.46,1.92,1.93,20.0,18.0,11.0,14.0,0
2024-01-24,Bayern Munich,1,0,24,10,12,5,2,0,Union Berlin,0,0,4,1,1,9,4,0,H,D,1.16,8.09,17.3,1.44,3.02,1.4,2.94,2.01,1.81,41.0,14.0,2.0,15.0,2
2024-01-26,Ein Frankfurt,1,0,13,4,2,10,2,0,Mainz,0,0,7,0,1,12,1,0,H,D,2.14,3.46,3.52,2.12,1.84,2.04,1.8,1.84,2.01,28.0,11.0,6.0,16.0,2
2024-01-27,Augsburg,2,0,14,7,4,12,2,0,Bayern Munich,3,2,13,4,5,11,6,0,A,A,9.05,6.01,1.31,1.42,3.25,1.39,3.04,1.83,2.01,21.0,44.0,10.0,2.0,0
2024-01-27,Hoffenheim,1,1,20,8,9,11,4,0,Heidenheim,1,1,15,3,5,13,0,0,D,D,1.7,4.28,4.55,1.53,2.62,1.5,2.55,1.85,1.99,24.0,22.0,8.0,9.0,1
2024-01-27,Werder Bremen,3,1,14,4,5,14,2,0,Freiburg,1,1,7,4,5,10,1,0,H,D,2.45,3.55,2.83,1.84,2.16,1.77,2.06,1.79,2.09,20.0,28.0,13.0,7.0,2
2024-01-27,Wolfsburg,1,1,12,5,6,17,5,0,FC Koln,1,1,6,2,3,12,3,0,D,D,1.84,3.79,4.28,1.91,2.05,1.83,2.02,2.05,1.8,21.0,11.0,11.0,17.0,1
2024-01-27,Leverkusen,0,0,28,8,8,15,3,0,M'gladbach,0,0,4,3,2,6,1,0,D,D,1.28,6.31,9.71,1.41,3.2,1.38,3.08,1.94,1.9,48.0,20.0,1.0,13.0,1
2024-01-27,Stuttgart,5,2,19,11,9,9,1,0,RB Leipzig,2,1,4,2,3,11,4,0,H,H,2.71,3.77,2.45,1.6,2.48,1.57,2.4,2.03,1.84,34.0,33.0,3.0,4.0,2
2024-01-28,Union Berlin,1,0,19,6,4,13,3,0,Darmstadt,0,0,15,1,3,9,2,0,H,D,1.63,4.01,5.58,1.97,2.0,1.89,1.93,1.78,2.06,14.0,11.0,15.0,18.0,2
2024-01-28,Dortmund,3,1,15,6,8,10,1,0,Bochum,1,1,10,4,4,16,3,0,H,D,1.37,5.56,7.43,1.43,3.07,1.41,2.92,1.97,1.88,33.0,20.0,5.0,14.0,2
2024-02-02,Heidenheim,0,0,11,0,4,7,0,0,Dortmund,0,0,13,5,6,7,2,0,D,D,3.94,4.32,1.81,1.46,2.96,1.43,2.85,1.86,1.99,23.0,36.0,10.0,4.0,1
2024-02-03,Mainz,0,0,20,5,11,22,4,0,Werder Bremen,1,1,6,1,1,16,3,0,A,A,2.1,3.53,3.53,2.0,1.96,1.95,1.89,1.81,2.03,11.0,23.0,17.0,10.0,0
2024-02-03,FC Koln,2,0,14,4,7,8,1,0,Ein Frankfurt,0,0,11,4,7,13,4,2,H,D,3.23,3.46,2.26,2.05,1.92,1.97,1.87,1.91,1.92,12.0,31.0,16.0,6.0,2
2024-02-03,Freiburg,1,1,7,4,1,10,4,1,Stuttgart,3,2,17,9,6,7,2,0,A,A,3.12,3.71,2.21,1.8,2.2,1.74,2.13,1.92,1.9,28.0,37.0,7.0,3.0,0
2024-02-03,Bochum,1,1,9,4,3,17,3,0,Augsburg,1,0,12,6,5,14,1,0,D,H,2.18,3.62,3.25,1.81,2.18,1.74,2.08,1.88,1.96,20.0,21.0,14.0,13.0,1
2024-02-03,Bayern Munich,3,1,21,6,6,11,0,0,M'gladbach,1,1,11,4,5,9,1,0,H,D,1.15,8.9,16.45,1.26,4.4,1.24,4.07,2.04,1.83,47.0,21.0,2.0,13.0,2
2024-02-03,Darmstadt,0,0,8,6,4,14,2,0,Leverkusen,2,1,18,7,3,8,2,0,A,A,9.56,6.21,1.29,1.48,2.88,1.44,2.79,1.85,2.0,11.0,49.0,18.0,2.0,0
2024-02-04,Wolfsburg,2,0,14,8,7,12,2,0,Hoffenheim,2,1,17,7,2,16,3,0,D,A,2.12,3.8,3.24,1.68,2.43,1.6,2.36,1.84,1.99,22.0,25.0,11.0,9.0,1
2024-02-04,RB Leipzig,2,1,16,6,5,13,1,0,Union Berlin,0,0,10,2,4,11,2,1,H,H,1.4,5.0,7.76,1.69,2.36,1.63,2.3,1.85,1.98,33.0,17.0,5.0,15.0,2
2024-02-07,Mainz,1,1,16,7,8,14,2,0,Union Berlin,1,1,15,4,3,15,4,0,D,D,2.18,3.31,3.56,2.35,1.72,2.24,1.67,1.86,1.99,11.0,17.0,17.0,15.0,1
2024-02-09,Dortmund,3,2,17,8,5,13,2,0,Freiburg,0,0,6,3,3,7,0,0,H,H,1.46,4.95,6.37,1.47,2.96,1.44,2.82,1.93,1.91,37.0,28.0,4.0,7.0,2
2024-02-10,Leverkusen,3,1,14,8,4,13,3,0,Bayern Munich,0,0,8,1,6,13,2,0,H,H,2.63,3.84,2.48,1.51,2.75,1.48,2.66,2.01,1.87,52.0,50.0,1.0,2.0,2
2024-02-10,Werder Bremen,1,1,14,3,5,10,1,0,Heidenheim,2,2,10,3,10,13,2,0,A,A,1.85,3.81,4.17,1.79,2.19,1.74,2.13,1.85,2.02,26.0,24.0,9.0,10.0,0
2024-02-10,Union Berlin,1,1,7,2,6,12,1,0,Wolfsburg,0,0,15,5,10,9,2,0,H,H,2.3,3.37,3.21,2.18,1.8,2.09,1.77,1.97,1.88,18.0,23.0,15.0,11.0,2
2024-02-10,M'gladbach,0,0,22,8,7,11,0,0,Darmstadt,0,0,10,1,2,15,5,0,D,D,1.6,4.32,5.37,1.73,2.29,1.68,2.23,2.0,1.86,21.0,11.0,13.0,18.0,1
2024-02-10,Augsburg,2,1,11,4,1,15,5,0,RB Leipzig,2,1,9,6,3,10,1,0,D,D,4.21,4.23,1.76,1.56,2.65,1.52,2.56,1.9,1.93,22.0,36.0,13.0,5.0,1
2024-02-10,Ein Frankfurt,1,1,8,2,8,6,2,0,Bochum,1,1,14,5,3,12,2,0,D,D,1.76,3.85,4.67,1.92,2.03,1.86,1.97,1.95,1.89,31.0,21.0,6.0,15.0,1
2024-02-11,Stuttgart,3,2,10,7,4,7,1,0,Mainz,1,0,16,6,5,9,1,0,H,H,1.44,4.7,7.27,1.77,2.23,1.71,2.16,1.95,1.87,40.0,12.0,3.0,17.0,2
2024-02-11,Hoffenheim,1,0,10,4,10,12,3,0,FC Koln,1,0,5,1,3,13,4,0,D,D,1.83,3.96,4.08,1.66,2.45,1.6,2.36,2.01,1.82,26.0,15.0,9.0,16.0,1
2024-02-16,FC Koln,0,0,10,2,5,16,4,0,Werder Bremen,1,0,13,4,3,11,4,0,A,D,2.5,3.4,2.88,2.07,1.93,1.98,1.86,1.81,2.08,16.0,26.0,16.0,10.0,0
2024-02-17,RB Leipzig,2,1,16,9,8,12,1,0,M'gladbach,0,0,13,0,4,13,5,0,H,H,1.38,5.55,7.2,1.42,3.2,1.38,3.07,1.98,1.88,37.0,22.0,5.0,13.0,2
2024-02-17,Wolfsburg,1,0,9,4,5,18,3,0,Dortmund,1,1,12,5,3,5,1,0,D,A,3.22,3.82,2.13,1.64,2.55,1.58,2.42,2.0,1.84,23.0,40.0,12.0,5.0,1
2024-02-17,Mainz,1,1,19,4,7,8,3,0,Augsburg,0,0,10,4,7,16,2,1,H,H,2.02,3.61,3.68,1.98,1.96,1.95,1.89,2.02,1.84,12.0,23.0,17.0,12.0,2
2024-02-17,Heidenheim,1,0,6,3,4,15,2,0,Leverkusen,2,1,17,4,5,5,1,0,A,A,8.33,5.58,1.35,1.56,2.65,1.52,2.56,1.91,1.95,27.0,55.0,10.0,1.0,0
2024-02-17,Darmstadt,1,0,21,9,5,15,4,0,Stuttgart,2,1,13,4,3,14,5,1,A,A,6.89,4.77,1.45,1.72,2.35,1.66,2.27,1.87,1.97,12.0,43.0,18.0,3.0,0
2024-02-17,Hoffenheim,0,0,16,4,6,10,3,1,Union Berlin,1,0,10,3,2,7,4,1,A,D,2.04,3.7,3.54,1.82,2.14,1.78,2.08,2.03,1.83,27.0,21.0,9.0,15.0,0
2024-02-18,Freiburg,3,2,13,8,6,8,0,0,Ein Frankfurt,3,2,10,6,1,10,0,0,D,D,2.32,3.4,3.13,2.07,1.88,2.0,1.83,1.98,1.85,28.0,32.0,8.0,6.0,1
2024-02-18,Bochum,3,2,14,5,4,12,2,0,Bayern Munich,2,1,26,10,9,10,4,1,H,H,8.25,5.75,1.33,1.45,3.1,1.41,2.92,1.96,1.89,22.0,50.0,15.0,2.0,2
2024-02-23,Leverkusen,2,1,18,7,11,14,3,0,Mainz,1,1,13,4,2,16,5,1,H,D,1.26,6.22,11.85,1.64,2.49,1.58,2.42,1.99,1.86,58.0,15.0,1.0,17.0,2
2024-02-24,M'gladbach,5,2,22,6,5,13,2,0,Bochum,2,0,15,5,6,13,4,0,H,H,2.01,3.83,3.52,1.69,2.38,1.63,2.31,2.02,1.85,22.0,25.0,15.0,11.0,2
2024-02-24,Stuttgart,1,0,13,5,9,11,1,0,FC Koln,1,0,12,6,4,13,0,0,D,D,1.32,5.63,9.5,1.58,2.63,1.54,2.49,1.9,1.96,46.0,16.0,3.0,16.0,1
2024-02-24,Union Berlin,2,2,12,3,4,9,2,0,Heidenheim,2,1,9,4,2,12,1,0,D,H,2.01,3.52,3.82,2.11,1.85,2.03,1.81,2.01,1.85,24.0,27.0,14.0,10.0,1
2024-02-24,Bayern Munich,2,0,16,4,6,11,3,0,RB Leipzig,1,0,11,5,4,10,3,0,H,D,1.69,4.41,4.46,1.45,3.07,1.42,2.9,1.84,2.01,50.0,40.0,2.0,5.0,2
2024-02-24,Werder Bremen,1,1,13,4,4,10,3,0,Darmstadt,1,1,11,3,6,13,4,0,D,D,1.68,4.04,5.03,1.88,2.07,1.81,2.03,1.85,1.99,29.0,12.0,7.0,18.0,1
2024-02-25,Ein Frankfurt,2,1,12,5,5,9,2,0,Wolfsburg,2,2,14,8,3,7,1,0,D,A,2.25,3.47,3.22,1.98,1.96,1.93,1.89,1.91,1.91,33.0,24.0,6.0,14.0,1
2024-02-25,Dortmund,2,2,19,7,10,7,2,0,Hoffenheim,3,1,7,5,3,10,3,0,A,H,1.51,5.0,5.42,1.35,3.52,1.32,3.36,2.0,1.84,41.0,27.0,4.0,10.0,0
2024-02-25,Augsburg,2,0,21,8,10,16,3,0,Freiburg,1,1,5,1,2,11,1,0,H,A,2.28,3.6,3.05,1.84,2.13,1.77,2.07,1.95,1.87,23.0,29.0,15.0,9.0,2
2024-03-01,Freiburg,2,1,17,5,3,11,1,0,Bayern Munich,2,1,21,9,6,7,2,0,D,D,5.97,4.78,1.5,1.56,2.62,1.52,2.56,1.81,2.05,29.0,53.0,9.0,2.0,1
2024-03-02,Mainz,1,1,21,5,12,12,5,1,M'gladbach,1,0,14,5,6,15,1,0,D,H,1.97,3.76,3.71,1.85,2.13,1.78,2.07,1.97,1.89,15.0,25.0,17.0,12.0,1
2024-03-02,Union Berlin,0,0,13,5,8,11,2,0,Dortmund,2,1,12,7,7,8,1,0,A,A,3.44,3.6,2.11,1.82,2.19,1.74,2.13,2.02,1.82,25.0,41.0,14.0,4.0,0
2024-03-02,Wolfsburg,2,0,12,2,5,20,3,0,Stuttgart,3,1,7,3,4,12,2,0,A,A,3.26,3.58,2.19,1.76,2.23,1.73,2.14,1.95,1.88,25.0,47.0,13.0,3.0,0
2024-03-02,Heidenheim,1,0,16,3,7,6,1,0,Ein Frankfurt,2,1,11,6,3,10,4,0,A,A,2.8,3.39,2.56,1.97,1.97,1.9,1.93,2.02,1.85,28.0,34.0,10.0,6.0,0
2024-03-02,Bochum,1,1,15,4,2,13,3,1,RB Leipzig,4,1,10,4,5,10,2,0,A,D,4.76,4.4,1.65,1.54,2.69,1.51,2.57,2.04,1.8,25.0,40.0,15.0,5.0,0
2024-03-02,Darmstadt,0,0,10,5,3,4,2,0,Augsburg,6,5,21,6,6,12,0,0,A,A,2.85,3.44,2.48,1.87,2.1,1.81,2.04,1.76,2.1,13.0,26.0,18.0,12.0,0
2024-03-03,FC Koln,0,0,6,0,1,10,2,1,Leverkusen,2,1,17,6,9,9,2,0,A,A,8.43,5.02,1.38,1.75,2.3,1.67,2.22,2.01,1.82,17.0,61.0,16.0,1.0,0
2024-03-03,Hoffenheim,2,2,14,7,3,11,5,1,Werder Bremen,1,0,18,8,3,10,1,0,H,H,1.95,3.92,3.62,1.61,2.5,1.56,2.43,1.95,1.91,30.0,30.0,7.0,8.0,2
2024-03-08,Stuttgart,2,1,14,5,4,7,1,0,Union Berlin,0,0,10,4,3,14,2,1,H,H,1.48,4.53,6.92,1.82,2.2,1.76,2.1,2.04,1.82,50.0,25.0,3.0,14.0,2
2024-03-09,Augsburg,1,1,8,4,5,14,1,0,Heidenheim,0,0,6,1,2,20,3,0,H,H,1.89,3.92,3.87,1.74,2.33,1.67,2.25,1.88,1.98,29.0,28.0,10.0,11.0,2
2024-03-09,Bayern Munich,8,3,25,12,6,8,1,0,Mainz,1,1,13,3,7,7,1,0,H,H,1.23,6.88,11.56,1.43,3.15,1.39,3.01,2.07,1.79,54.0,16.0,2.0,17.0,2
2024-03-09,M'gladbach,3,1,16,5,8,15,3,0,FC Koln,3,1,12,5,3,15,4,0,D,D,1.85,3.82,4.18,1.82,2.15,1.74,2.08,1.84,2.03,26.0,17.0,12.0,16.0,1
2024-03-09,RB Leipzig,2,1,28,8,8,3,0,0,Darmstadt,0,0,9,4,4,14,3,0,H,H,1.15,8.73,17.28,1.37,3.4,1.35,3.25,1.92,1.92,43.0,13.0,5.0,18.0,2
2024-03-09,Werder Bremen,1,0,15,5,10,6,1,0,Dortmund,2,2,13,6,4,8,2,1,A,A,3.77,4.08,1.88,1.49,2.82,1.46,2.72,1.99,1.87,30.0,44.0,9.0,5.0,0
2024-03-10,Bochum,1,0,18,6,12,11,3,0,Freiburg,2,1,9,5,5,11,7,0,A,A,2.27,3.61,3.06,1.85,2.11,1.78,2.06,1.95,1.88,25.0,30.0,15.0,10.0,0
2024-03-10,Ein Frankfurt,3,1,17,7,5,11,2,0,Hoffenheim,1,1,6,2,1,10,3,2,H,D,2.06,3.87,3.35,1.66,2.45,1.6,2.36,2.05,1.82,37.0,33.0,6.0,7.0,2
2024-03-10,Leverkusen,2,1,19,7,9,6,1,0,Wolfsburg,0,0,2,1,2,7,3,1,H,H,1.32,5.66,8.97,1.6,2.55,1.55,2.47,1.93,1.92,64.0,25.0,1.0,13.0,2
2024-03-15,FC Koln,1,1,9,2,3,11,2,0,RB Leipzig,5,1,23,7,6,12,2,0,A,D,6.54,4.72,1.48,1.66,2.49,1.61,2.38,1.84,2.02,18.0,46.0,16.0,5.0,0
2024-03-16,Hoffenheim,0,0,8,1,5,8,1,0,Stuttgart,3,2,25,12,6,12,0,0,A,A,3.75,4.15,1.87,1.48,2.83,1.44,2.7,2.0,1.87,33.0,53.0,7.0,3.0,0
2024-03-16,Union Berlin,2,0,11,5,4,16,3,0,Werder Bremen,1,0,10,2,3,16,5,0,H,D,2.03,3.56,3.7,2.01,1.95,1.96,1.88,2.03,1.84,25.0,30.0,14.0,10.0,2
2024-03-16,Wolfsburg,1,1,15,4,8,12,1,1,Augsburg,3,1,14,5,6,19,3,0,A,D,2.09,3.64,3.44,1.84,2.16,1.77,2.08,1.81,2.05,25.0,32.0,14.0,9.0,0
2024-03-16,Heidenheim,1,0,16,5,10,16,1,0,M'gladbach,1,1,6,2,4,8,3,0,D,A,2.45,3.64,2.78,1.72,2.3,1.67,2.24,1.82,2.06,28.0,27.0,11.0,13.0,1
2024-03-16,Mainz,2,1,13,4,7,15,4,0,Bochum,0,0,11,4,6,15,3,0,H,H,1.78,3.88,4.47,1.85,2.12,1.8,2.04,1.99,1.86,16.0,25.0,17.0,15.0,2
2024-03-16,Darmstadt,2,1,7,3,2,9,1,0,Bayern Munich,5,2,26,6,9,6,0,0,A,A,16.6,9.19,1.14,1.29,4.0,1.28,3.75,2.02,1.84,13.0,57.0,18.0,2.0,0
2024-03-17,Freiburg,2,1,9,3,2,13,1,0,Leverkusen,3,2,18,7,8,6,0,0,A,A,5.69,4.35,1.56,1.77,2.23,1.72,2.15,1.92,1.94,33.0,67.0,9.0,1.0,0
2024-03-17,Dortmund,3,1,16,6,8,5,1,0,Ein Frankfurt,1,1,8,6,3,9,2,0,H,D,1.62,4.43,4.92,1.55,2.63,1.5,2.58,2.03,1.84,47.0,40.0,5.0,6.0,2
2024-03-30,Ein Frankfurt,0,0,18,4,6,8,3,0,Union Berlin,0,0,10,2,2,14,1,0,D,D,2.04,3.44,3.81,2.17,1.81,2.11,1.75,2.05,1.83,40.0,28.0,6.0,13.0,1
2024-03-30,Leverkusen,2,0,36,12,9,9,0,0,Hoffenheim,1,1,6,2,2,8,1,0,H,A,1.22,7.36,11.77,1.33,3.65,1.31,3.47,1.94,1.91,70.0,33.0,1.0,8.0,2
2024-03-30,M'gladbach,0,0,18,4,14,11,1,0,Freiburg,3,1,13,8,1,7,0,0,A,A,2.23,3.68,3.11,1.71,2.35,1.65,2.28,1.92,1.92,28.0,33.0,13.0,9.0,0
2024-03-30,RB Leipzig,0,0,23,10,12,10,2,0,Mainz,0,0,8,2,2,15,5,0,D,D,1.38,5.3,7.65,1.57,2.6,1.53,2.52,1.82,2.03,49.0,19.0,5.0,16.0,1
2024-03-30,Werder Bremen,0,0,6,1,3,13,4,1,Wolfsburg,2,1,15,5,6,15,4,1,A,A,2.84,3.56,2.43,1.82,2.14,1.77,2.08,2.08,1.78,30.0,25.0,10.0,14.0,0
2024-03-30,Bayern Munich,0,0,16,3,7,7,0,0,Dortmund,2,1,11,5,4,7,0,0,A,A,1.4,5.71,6.47,1.26,4.3,1.24,4.08,1.97,1.89,60.0,50.0,2.0,5.0,0
2024-03-31,Augsburg,1,1,24,6,12,9,0,0,FC Koln,1,1,12,2,6,13,3,0,D,D,1.79,3.87,4.42,1.86,2.11,1.78,2.06,2.0,1.84,35.0,18.0,8.0,17.0,1
2024-03-31,Stuttgart,3,1,20,6,6,5,1,0,Heidenheim,3,0,6,3,7,9,0,1,D,H,1.27,6.35,10.32,1.44,3.02,1.41,2.91,1.91,1.93,56.0,29.0,3.0,11.0,1
2024-03-31,Bochum,2,1,20,7,6,7,2,0,Darmstadt,2,0,13,3,5,15,2,0,D,H,1.65,4.18,5.06,1.72,2.31,1.68,2.22,1.8,2.05,25.0,13.0,15.0,18.0,1
2024-04-05,Ein Frankfurt,1,0,19,5,9,10,3,1,Werder Bremen,1,0,10,7,0,14,2,1,D,D,1.79,3.9,4.44,1.79,2.23,1.73,2.15,1.98,1.88,41.0,30.0,6.0,10.0,1
2024-04-06,Dortmund,0,0,14,7,8,8,2,0,Stuttgart,1,0,10,2,3,8,4,0,A,D,2.27,3.99,2.85,1.43,3.17,1.4,2.96,1.99,1.86,53.0,57.0,4.0,3.0,0
2024-04-06,Mainz,4,1,18,9,5,16,2,0,Darmstadt,0,0,14,2,1,9,3,0,H,H,1.42,4.87,7.63,1.74,2.28,1.7,2.2,1.94,1.91,20.0,14.0,16.0,18.0,2
2024-04-06,Union Berlin,0,0,8,1,7,10,3,1,Leverkusen,1,1,19,8,10,14,2,0,A,A,6.02,4.28,1.56,1.89,2.09,1.82,2.02,1.92,1.93,29.0,73.0,12.0,1.0,0
2024-04-06,Freiburg,1,0,15,4,8,7,3,0,RB Leipzig,4,3,15,6,4,12,4,0,A,A,4.63,4.27,1.69,1.57,2.57,1.54,2.49,2.0,1.84,36.0,50.0,8.0,5.0,0
2024-04-06,FC Koln,2,0,17,6,9,16,3,0,Bochum,1,0,8,2,4,13,3,0,H,D,2.3,3.59,3.05,1.86,2.1,1.8,2.04,1.98,1.87,19.0,26.0,17.0,15.0,2
2024-04-06,Heidenheim,3,0,9,4,3,9,2,0,Bayern Munich,2,2,15,8,3,8,0,0,H,A,7.21,5.88,1.36,1.35,3.52,1.33,3.36,1.92,1.93,30.0,60.0,11.0,2.0,2
2024-04-07,Hoffenheim,3,2,17,6,11,8,3,0,Augsburg,1,0,14,7,6,14,1,0,H,H,2.25,3.93,2.91,1.51,2.75,1.48,2.67,1.97,1.87,33.0,36.0,9.0,7.0,2
2024-04-07,Wolfsburg,1,1,13,4,4,9,2,0,M'gladbach,3,0,10,6,4,12,2,0,A,H,1.9,3.88,3.86,1.71,2.33,1.65,2.27,1.9,1.95,28.0,28.0,14.0,13.0,0
2024-04-12,Augsburg,2,0,12,4,5,15,1,0,Union Berlin,0,0,17,4,4,14,1,0,H,D,2.13,3.48,3.51,2.0,1.97,1.94,1.9,1.83,2.03,36.0,29.0,7.0,13.0,2
2024-04-13,Stuttgart,3,3,9,6,4,4,1,0,Ein Frankfurt,0,0,10,3,5,15,3,0,H,H,1.52,4.65,5.86,1.59,2.52,1.56,2.43,1.82,2.03,60.0,42.0,3.0,6.0,2
2024-04-13,M'gladbach,1,1,16,5,2,13,1,0,Dortmund,2,2,12,4,4,11,4,1,A,A,3.26,4.1,2.03,1.43,3.25,1.4,2.99,1.85,2.02,31.0,53.0,11.0,5.0,0
2024-04-13,RB Leipzig,3,1,15,6,6,12,2,0,Wolfsburg,0,0,10,3,4,7,4,0,H,H,1.36,5.47,7.77,1.48,2.86,1.45,2.74,1.98,1.87,53.0,28.0,5.0,14.0,2
2024-04-13,Bochum,1,0,24,5,6,12,4,0,Heidenheim,1,0,10,3,2,22,1,0,D,D,2.1,3.72,3.38,1.72,2.36,1.66,2.25,1.82,2.04,26.0,33.0,15.0,10.0,1
2024-04-13,Bayern Munich,2,0,17,7,5,3,0,0,FC Koln,0,0,11,5,5,15,3,0,H,D,1.2,7.74,12.41,1.33,3.6,1.31,3.45,1.88,1.97,60.0,22.0,3.0,17.0,2
2024-04-13,Mainz,4,0,23,8,9,12,0,0,Hoffenheim,1,1,5,1,3,14,2,0,H,A,1.99,3.93,3.52,1.63,2.49,1.58,2.42,1.98,1.87,23.0,36.0,16.0,8.0,2
2024-04-14,Darmstadt,0,0,16,4,2,6,0,0,Freiburg,1,1,9,3,2,12,1,0,A,A,3.96,3.92,1.86,1.7,2.36,1.66,2.26,2.01,1.85,14.0,36.0,18.0,9.0,0
2024-04-14,Leverkusen,5,1,19,10,7,10,2,0,Werder Bremen,0,0,7,3,0,4,1,0,H,H,1.2,7.2,13.63,1.47,2.95,1.43,2.82,1.97,1.87,76.0,31.0,1.0,12.0,2
2024-04-19,Ein Frankfurt,3,0,12,7,6,2,3,0,Augsburg,1,1,6,1,5,19,3,0,H,A,2.05,3.77,3.48,1.71,2.35,1.67,2.26,2.04,1.83,42.0,39.0,6.0,7.0,2
2024-04-20,Union Berlin,1,0,15,4,5,5,0,0,Bayern Munich,5,2,18,9,3,4,0,0,A,A,4.94,4.51,1.62,1.65,2.48,1.6,2.38,1.85,2.0,29.0,63.0,13.0,2.0,0
2024-04-20,FC Koln,0,0,18,4,4,10,0,0,Darmstadt,2,0,12,6,3,13,1,0,A,D,1.5,4.57,6.35,1.7,2.34,1.65,2.28,1.81,2.04,22.0,14.0,17.0,18.0,0
2024-04-20,Heidenheim,1,0,9,5,2,14,3,0,RB Leipzig,2,1,11,4,6,7,1,0,A,A,6.24,5.1,1.46,1.47,2.9,1.44,2.8,1.92,1.93,34.0,56.0,10.0,4.0,0
2024-04-20,Hoffenheim,4,1,27,9,6,6,1,0,M'gladbach,3,1,13,7,5,11,3,0,H,D,2.12,4.02,3.09,1.48,3.0,1.44,2.8,1.86,1.98,36.0,31.0,9.0,11.0,2
2024-04-20,Wolfsburg,1,1,10,5,5,11,4,0,Bochum,0,0,9,1,8,16,3,0,H,H,1.79,3.98,4.32,1.73,2.29,1.68,2.22,1.99,1.86,28.0,27.0,14.0,15.0,2
2024-04-21,Freiburg,1,1,7,3,2,17,3,0,Mainz,1,1,17,4,4,15,4,0,D,D,2.58,3.56,2.67,1.81,2.2,1.75,2.11,1.9,1.95,39.0,26.0,9.0,16.0,1
2024-04-21,Werder Bremen,2,1,9,2,1,11,3,0,Stuttgart,1,0,14,5,7,10,3,0,H,H,4.99,4.54,1.6,1.5,2.79,1.48,2.67,1.88,1.96,31.0,63.0,12.0,3.0,2
2024-04-21,Dortmund,1,0,9,2,2,14,4,0,Leverkusen,1,0,13,5,6,11,3,0,D,D,2.55,3.84,2.55,1.52,2.7,1.48,2.58,1.93,1.92,56.0,79.0,5.0,1.0,1
2024-04-26,Bochum,3,2,35,13,10,13,1,0,Hoffenheim,2,0,12,4,4,10,1,0,H,H,2.21,3.92,2.99,1.49,2.93,1.44,2.8,1.93,1.93,27.0,39.0,16.0,9.0,2
2024-04-27,Augsburg,0,0,14,1,6,18,1,0,Werder Bremen,3,0,16,8,4,8,2,0,A,D,1.81,4.09,4.05,1.58,2.57,1.55,2.45,2.02,1.84,39.0,34.0,8.0,11.0,0
2024-04-27,Bayern Munich,2,1,19,9,4,11,0,0,Ein Frankfurt,1,1,10,3,2,7,3,0,H,D,1.41,5.4,6.67,1.39,3.3,1.36,3.17,1.82,2.03,66.0,45.0,2.0,6.0,2
2024-04-27,Freiburg,1,1,16,3,3,12,4,1,Wolfsburg,2,0,13,5,6,7,2,0,A,H,2.33,3.56,3.0,1.89,2.11,1.83,2.02,2.01,1.85,40.0,31.0,7.0,13.0,0
2024-04-27,RB Leipzig,4,2,21,7,5,11,1,0,Dortmund,1,1,12,5,8,7,2,0,H,H,1.68,4.41,4.51,1.43,3.1,1.4,2.98,1.83,2.03,59.0,57.0,4.0,5.0,2
2024-04-27,Leverkusen,2,0,14,6,5,10,4,0,Stuttgart,2,0,11,4,2,19,3,0,D,D,1.75,4.22,4.27,1.6,2.55,1.55,2.46,1.94,1.91,80.0,63.0,1.0,3.0,1
2024-04-28,Mainz,1,1,16,4,6,17,4,1,FC Koln,1,0,16,6,6,13,4,0,D,H,1.54,4.34,6.02,1.79,2.18,1.73,2.13,1.9,1.95,27.0,22.0,16.0,17.0,1
2024-04-28,M'gladbach,0,0,13,4,3,3,2,0,Union Berlin,0,0,14,7,4,13,2,0,D,D,2.33,3.46,3.07,1.99,1.95,1.93,1.89,2.01,1.84,31.0,29.0,13.0,15.0,1
2024-04-28,Darmstadt,0,0,12,4,3,14,2,0,Heidenheim,1,0,19,6,8,12,1,0,A,D,3.33,3.71,2.11,1.74,2.29,1.67,2.23,2.01,1.82,17.0,34.0,18.0,11.0,0
2024-05-03,Hoffenheim,1,0,18,8,4,6,1,0,RB Leipzig,1,1,8,5,4,8,3,1,D,A,5.4,5.19,1.51,1.29,4.1,1.26,3.85,1.88,1.97,39.0,62.0,9.0,4.0,1
2024-05-04,Wolfsburg,3,2,18,6,9,11,0,0,Darmstadt,0,0,6,1,2,13,3,0,H,H,1.39,5.15,7.64,1.59,2.55,1.55,2.46,1.83,2.02,34.0,17.0,12.0,18.0,2
2024-05-04,Werder Bremen,2,1,17,6,7,6,0,0,M'gladbach,2,1,17,7,2,7,0,0,D,D,2.3,3.75,2.91,1.6,2.5,1.56,2.44,2.0,1.85,37.0,32.0,11.0,13.0,1
2024-05-04,FC Koln,0,0,20,7,7,10,1,0,Freiburg,0,0,4,0,1,9,1,0,D,D,2.36,3.64,2.9,1.82,2.16,1.75,2.11,2.03,1.82,23.0,40.0,17.0,8.0,1
2024-05-04,Dortmund,5,4,21,10,6,4,0,0,Augsburg,1,1,20,4,9,11,1,0,H,H,1.85,4.32,3.69,1.35,3.5,1.32,3.33,1.84,2.01,57.0,39.0,5.0,9.0,2
2024-05-04,Stuttgart,3,1,24,11,3,10,1,0,Bayern Munich,1,1,10,3,1,8,2,0,H,D,2.13,4.04,3.07,1.44,3.07,1.41,2.9,1.86,1.99,64.0,69.0,3.0,2.0,2
2024-05-05,Ein Frankfurt,1,1,16,5,10,10,0,0,Leverkusen,5,2,10,6,5,4,0,0,A,A,3.16,3.59,2.23,1.77,2.23,1.71,2.15,1.92,1.9,45.0,81.0,6.0,1.0,0
2024-05-05,Heidenheim,1,0,16,6,6,8,2,0,Mainz,1,1,10,4,3,8,3,0,D,A,2.99,3.58,2.33,1.75,2.25,1.7,2.19,1.84,1.99,37.0,28.0,11.0,16.0,1
2024-05-05,Union Berlin,3,0,12,6,6,13,0,0,Bochum,4,3,17,5,4,16,1,0,A,A,1.97,3.47,4.02,2.13,1.85,2.05,1.78,1.96,1.9,30.0,30.0,14.0,15.0,0
2024-05-10,Augsburg,0,0,9,1,5,15,4,0,Stuttgart,1,0,19,7,5,9,2,0,A,D,3.88,4.34,1.81,1.41,3.33,1.36,3.16,2.07,1.8,39.0,67.0,9.0,3.0,0
2024-05-11,FC Koln,3,1,18,5,6,15,3,0,Union Berlin,2,2,14,6,8,16,2,0,H,A,2.8,3.38,2.57,2.06,1.89,1.98,1.82,2.02,1.83,24.0,30.0,17.0,15.0,2
2024-05-11,Freiburg,1,1,19,3,2,9,1,0,Heidenheim,1,1,9,3,4,11,1,0,D,D,1.73,4.06,4.59,1.69,2.4,1.63,2.31,1.89,1.95,41.0,38.0,7.0,10.0,1
2024-05-11,M'gladbach,1,1,6,3,2,9,1,0,Ein Frankfurt,1,1,16,1,8,10,0,0,D,D,2.51,3.71,2.66,1.64,2.5,1.57,2.43,1.86,1.97,33.0,45.0,13.0,6.0,1
2024-05-11,RB Leipzig,1,0,13,5,4,12,1,0,Werder Bremen,1,1,10,1,3,6,0,0,D,A,1.29,6.54,8.64,1.32,3.9,1.29,3.63,1.92,1.91,63.0,38.0,4.0,11.0,1
2024-05-11,Mainz,3,3,14,6,4,14,2,0,Dortmund,0,0,10,2,2,11,2,0,H,H,2.21,3.9,2.98,1.51,2.75,1.48,2.65,1.91,1.91,29.0,60.0,16.0,5.0,2
2024-05-12,Darmstadt,0,0,9,1,2,9,3,0,Hoffenheim,6,5,12,7,3,3,0,0,A,A,4.66,4.62,1.64,1.37,3.39,1.35,3.2,1.85,1.99,17.0,40.0,18.0,8.0,0
2024-05-12,Bayern Munich,2,2,5,3,4,7,0,0,Wolfsburg,0,0,5,2,0,8,2,0,H,H,1.35,5.89,7.55,1.37,3.39,1.35,3.22,1.89,1.95,69.0,37.0,3.0,12.0,2
2024-05-12,Bochum,0,0,2,0,2,5,2,1,Leverkusen,5,2,28,10,6,10,1,0,A,A,4.34,4.32,1.72,1.52,2.75,1.48,2.66,1.95,1.88,33.0,84.0,14.0,1.0,0
2024-05-18,Stuttgart,4,2,21,11,8,4,1,0,M'gladbach,0,0,13,5,4,9,2,0,H,H,1.28,6.63,8.97,1.25,4.5,1.23,4.19,1.86,1.99,70.0,34.0,3.0,13.0,2
2024-05-18,Union Berlin,2,0,14,5,3,14,7,0,Freiburg,1,0,11,5,7,9,4,0,H,D,2.13,3.47,3.51,1.97,1.97,1.92,1.92,1.82,2.03,30.0,42.0,16.0,8.0,2
2024-05-18,Leverkusen,2,2,19,8,5,6,0,0,Augsburg,1,0,8,2,4,7,1,0,H,H,1.29,6.59,8.71,1.27,4.2,1.24,4.01,1.89,1.96,87.0,39.0,1.0,10.0,2
2024-05-18,Werder Bremen,4,1,25,12,8,12,1,0,Bochum,1,0,26,8,8,12,1,0,H,H,2.38,3.67,2.86,1.57,2.57,1.54,2.48,2.03,1.82,39.0,33.0,10.0,15.0,2
2024-05-18,Heidenheim,4,3,13,7,5,9,1,0,FC Koln,1,0,19,9,12,20,3,0,H,H,2.35,3.97,2.74,1.54,2.66,1.51,2.59,1.79,2.07,39.0,27.0,10.0,17.0,2
2024-05-18,Ein Frankfurt,2,0,19,6,8,10,2,0,RB Leipzig,2,1,9,5,3,11,2,0,D,A,2.76,3.79,2.4,1.5,2.79,1.47,2.7,1.79,2.07,46.0,64.0,6.0,4.0,1
2024-05-18,Dortmund,4,2,21,10,7,4,0,0,Darmstadt,0,0,7,1,3,10,3,0,H,H,1.16,8.99,14.24,1.24,4.8,1.21,4.43,1.85,2.0,60.0,17.0,5.0,18.0,2
2024-05-18,Hoffenheim,4,1,17,9,6,7,3,0,Bayern Munich,2,2,12,4,5,9,1,0,H,A,3.0,4.43,2.06,1.26,4.4,1.23,4.09,2.02,1.82,43.0,72.0,7.0,3.0,2
2024-05-18,Wolfsburg,1,1,12,4,1,13,2,0,Mainz,3,1,12,6,3,15,3,0,A,D,3.23,3.58,2.21,1.82,2.17,1.75,2.11,1.94,1.89,37.0,32.0,12.0,16.0,0
